<?xml version="1.0"?>
<!-- /**
 * Webkul Software
 *
 * @category Webkul
 * @package Webkul_Walletsystem
 * @author Webkul
 * @copyright Copyright (c) 2010-2018 Webkul Software Private Limited (https://webkul.com)
 * @license https://store.webkul.com/license.html
 */ -->
<config xmlns:xsi="http://www.w3.org/2001/XMLSchema-instance"
        xsi:noNamespaceSchemaLocation="urn:magento:framework:ObjectManager/etc/config.xsd">
    <type name="Magento\Customer\CustomerData\SectionPoolInterface">
        <arguments>
            <argument name="sectionSourceMap" xsi:type="array">
                <item name="cart" xsi:type="string">Magento\Checkout\CustomerData\Cart</item>
                <item name="directory-data" xsi:type="string">Magento\Checkout\CustomerData\DirectoryData</item>
            </argument>
        </arguments>
    </type>
    <type name="Magento\Checkout\Model\CompositeConfigProvider">
        <arguments>
            <argument name="configProviders" xsi:type="array">
                <item name="webkul_walletsystem_configprovider" xsi:type="object">Webkul\Walletsystem\Model\WalletsystemConfigProvider</item>
            </argument>
        </arguments>
    </type>
    <type name="Webkul\Walletsystem\Model\WalletPaymentConfigProvider">
        <arguments>
            <argument name="configProviders" xsi:type="array">
                <item name="wallet_payment_config_provider" xsi:type="object">Webkul\Walletsystem\Model\WalletsystemPaymentConfigProvider</item>
            </argument>
        </arguments>
    </type>
    <!-- plugin to disable discount coupon from checkout payemnt page -->
    <type name="Magento\Checkout\Block\Checkout\LayoutProcessor">
        <plugin name="Webkul_Walletsystem::aroundProcess" type="Webkul\Walletsystem\Plugin\DiscountConfigureProcess"/>
    </type>
</config>
