<?xml version="1.0"?>
<!--
/**
 * Webkul Software.
 *
 * @category  Webkul
 * @package   Webkul_Mobikul
 * @author    Webkul
 * @copyright Copyright (c) 2010-2017 Webkul Software Private Limited (https://webkul.com)
 * @license   https://store.webkul.com/license.html
 */
-->
<config xmlns:xsi="http://www.w3.org/2001/XMLSchema-instance" xsi:noNamespaceSchemaLocation="urn:magento:framework:Acl/etc/acl.xsd">
    <acl>
        <resources>
            <resource id="Magento_Backend::admin">
                <resource id="Webkul_Marketplace::marketplace" title="Marketplace Management" sortOrder="10" >
                    <resource id="Webkul_MpAdvertisementManager::advertmanager" title="Advertisment Manager" sortOrder="10">
                        <resource id="Webkul_MpAdvertisementManager::pricing" title="Ads Pricing" sortOrder="1" />
                        <resource id="Webkul_MpAdvertisementManager::selleradspurchasedetail" title="Seller(s) Ads Purchase Detail" sortOrder="2" />
                    </resource>
                </resource>
            </resource>
        </resources>
    </acl>
</config>