<?xml version="1.0"?>
<!-- /**
 * Webkul Software
 *
 * @category Webkul
 * @package Webkul_Walletsystem
 * @author Webkul
 * @copyright Copyright (c) 2010-2018 Webkul Software Private Limited (https://webkul.com)
 * @license https://store.webkul.com/license.html
 */ -->
<config xmlns:xsi="http://www.w3.org/2001/XMLSchema-instance" xsi:noNamespaceSchemaLocation="urn:magento:framework:Event/etc/events.xsd">
    <!-- execute when an item added in quote for first time -->
    <event name="sales_quote_add_item">
        <observer name="webkul_walletsystem_sales_quote_add_item" instance="Webkul\Walletsystem\Observer\SalesQuoteAddItem" />
    </event>
    <!-- observer after add product in cart -->
    <event name="checkout_cart_save_after">
        <observer name="webkul_walletsystem_cart_save_after" instance="Webkul\Walletsystem\Observer\CartSaveAfter" />
    </event>
    <!-- Observer after update items qty -->
    <event name="checkout_cart_update_items_after">
        <observer name="webkul_walletsystem_cart_updateitems_after" instance="Webkul\Walletsystem\Observer\CartUpdateItemsAfter" />
    </event>
    <!-- Observer before payment method display -->
    <event name="payment_method_is_active">
        <observer name="webkul_walletsystem_paymentmethod" instance="Webkul\Walletsystem\Observer\Paymentmethodisactive" />
    </event>
    <!-- controller predispatch checkour cart index -->
    <event name="controller_action_predispatch_checkout_cart_index">
        <observer name="webkul_walletsystem_predispatch_checkout_cart" instance="Webkul\Walletsystem\Observer\CheckoutCartPredispatch" />
    </event>
    <!-- checkout index index controller pre dispatch -->
    <event name="controller_action_predispatch_checkout_index_index">
        <observer name="webkul_walletsystem_predispatch_checkout_index" instance="Webkul\Walletsystem\Observer\CheckoutIndexPredispatch" />
    </event>
    <!-- after submit quote to create order -->
    <event name="sales_model_service_quote_submit_before">
        <observer name="webkul_walletsystem_quote_submit_before" instance="Webkul\Walletsystem\Observer\Quotesubmitbefore" />
    </event>
    <!-- cponvert quote address data to order in multi shipping checkout -->
    <event name="checkout_type_multishipping_create_orders_single">
        <observer name="webkul_walletsystem_checkout_type_multishipping_create_orders_single" instance="Webkul\Walletsystem\Observer\CheckoutMultiShippingCreateOrder"/>
    </event>
    <!-- Order Place after -->
    <event name="checkout_submit_all_after">
        <observer name="webkul_walletsystem_sales_order_place_after" instance="Webkul\Walletsystem\Observer\SalesOrderPlaceAfter" />
    </event>
    <!-- If Order Placed by online payment method -->
    <event name="checkout_onepage_controller_success_action">
        <observer name="webkul_walletsystem_checkoutcontroller" instance="Webkul\Walletsystem\Observer\CheckoutControllerSuccessObserver" />
    </event>
    <!-- cancel order after -->
    <event name="order_cancel_after">
        <observer name="webkul_walletsystem_order_cancel_after" instance="Webkul\Walletsystem\Observer\SalesOrderCancelAfter" />
    </event>
    <!-- After Invoice create -->
    <event name="sales_order_invoice_register">
        <observer name="webkul_walletsystem_sales_order_invoice_save_after_observer" instance="Webkul\Walletsystem\Observer\SalesOrderInvoiceSaveAfterObserver" />
    </event>
    <!-- observer after invoice pay -->
    <event name="sales_order_invoice_pay">
        <observer name="webkul_walletsystem_sales_order_invoice_pay" instance="Webkul\Walletsystem\Observer\SalesOrderPayInvoice" />
    </event>
    <!-- obsrever after credit memo -->
    <event name="sales_order_creditmemo_save_after">
        <observer name="webkul_walletsystem_creditmemo_save_after" instance="Webkul\Walletsystem\Observer\CreditMemoSaveAfter" />
    </event>
    <event name="sales_order_save_after">
        <observer name="webkul_walletsystem_sales_order_save_after" instance="Webkul\Walletsystem\Observer\SalesOrderSaveAfter"/>
    </event>
    <event name="payment_cart_collect_items_and_amounts">
        <observer name="Webkul_Walletsystem_payment_collect_total" instance="Webkul\Walletsystem\Observer\AddPaymentWalletAmountItem" />
    </event>
</config>
