<?xml version="1.0"?>
<!-- /**
 * Webkul Software
 *
 * @category Webkul
 * @package Webkul_Walletsystem
 * @author Webkul
 * @copyright Copyright (c) 2010-2018 Webkul Software Private Limited (https://webkul.com)
 * @license https://store.webkul.com/license.html
 */ -->
<payment xmlns:xsi="http://www.w3.org/2001/XMLSchema-instance"
         xsi:noNamespaceSchemaLocation="urn:magento:module:Magento_Payment:etc/payment.xsd">
     <groups>
         <group id="walletsystem_head">
             <label>Wallet System</label>
         </group>
     </groups>
    <methods>
        <method name="walletsystem">
            <allow_multiple_address>1</allow_multiple_address>
        </method>
    </methods>
</payment>
